resume_id,application_id,file_path,file_type,auto_filename,uploaded_at,updated_at
R0001,APP-U0004-P0001,data\resumes\resume_20250001_Alice_Tan.pdf,PDF,resume_20250001_Alice_Tan.pdf,2026-04-03T10:05:00,2026-04-03T10:05:00
R0002,APP-U0004-P0002,data\resumes\resume_20250001_Alice_Tan.pdf,PDF,resume_20250001_Alice_Tan.pdf,2026-04-03T10:05:00,2026-04-03T10:05:00
R0003,APP-U0004-P0004,data\resumes\resume_20250001_Alice_Tan.pdf,PDF,resume_20250001_Alice_Tan.pdf,2026-04-03T10:05:00,2026-04-03T10:05:00
R0004,APP-U0005-P0006,data\resumes\resume_20250002_Ben_Low.doc,DOC,resume_20250002_Ben_Low.doc,2026-03-25T14:10:00,2026-03-25T14:10:00
R0005,APP-U0006-P0001,data\resumes\resume_20250003_Chloe_Ng.pdf,PDF,resume_20250003_Chloe_Ng.pdf,2026-04-09T11:22:00,2026-04-09T11:22:00
R0006,APP-U0006-P0003,data\resumes\resume_20250003_Chloe_Ng.pdf,PDF,resume_20250003_Chloe_Ng.pdf,2026-04-09T11:22:00,2026-04-09T11:22:00
R0007,APP-U0007-P0002,data\resumes\resume_20250004_David_Ong.pdf,PDF,resume_20250004_David_Ong.pdf,2026-04-10T13:42:00,2026-04-10T13:42:00
R0008,APP-U0007-P0004,data\resumes\resume_20250004_David_Ong.pdf,PDF,resume_20250004_David_Ong.pdf,2026-04-10T13:42:00,2026-04-10T13:42:00
R0009,APP-U0008-P0005,data\resumes\resume_20250005_Emma_Zhou.pdf,PDF,resume_20250005_Emma_Zhou.pdf,2026-02-18T08:35:00,2026-02-18T08:35:00
R0010,APP-U0009-P0003,data\resumes\resume_20250006_Felix_Lim.pdf,PDF,resume_20250006_Felix_Lim.pdf,2026-04-05T15:12:00,2026-04-05T15:12:00
R0011,APP-U0010-P0004,data\resumes\resume_20250007_Hannah_Xu.pdf,PDF,resume_20250007_Hannah_Xu.pdf,2026-04-06T16:28:00,2026-04-06T16:28:00
R0012,APP-U0011-P0002,data\resumes\resume_20250008_Ivy_Seah.doc,DOC,resume_20250008_Ivy_Seah.doc,2026-04-07T12:12:00,2026-04-07T12:12:00
